{"k3": [[-122.41582507479168, 37.761345915749274], [-122.41709742374232, 37.78742454987841], [-122.47811474903897, 37.73890648569841]], "k2": [[-122.41924297354234, 37.760004254643604], [-122.41721258127922, 37.78739426221802]], "k6": [[-122.41876997704011, 37.78765447103969], [-122.4159978505972, 37.76171021021855], [-122.46952143243395, 37.71917351986987], [-122.4045346858759, 37.78553068672912], [-122.48636572534035, 37.7586892476172], [-122.40540320357452, 37.72757761755164]], "k5": [[-122.41877772337045, 37.78765589768939], [-122.41584255172643, 37.761425546090464], [-122.46632498052548, 37.718814247089576], [-122.48639782848089, 37.75857230467054], [-122.40459074031803, 37.78553711253317]], "k4": [[-122.41579364338513, 37.761446656040015], [-122.41708247002195, 37.78742711884176], [-122.46632498052548, 37.718814247089576], [-122.48639782848089, 37.75857230467054]]}